strat_unit,color_rgb
?dr,255:222:237
?g,255:222:237
?gr,255:222:237
?gs,219:204:247
?mc,219:204:247
?ml,219:204:247
?mm,219:204:247
?og,255:222:237
?qd,255:222:237
?qm,255:222:237
?to,255:222:237
CCCTHvm,128:145:173
CJBRm,202:167:209
CJBRsv,202:167:209
CJBRus,202:167:209
CKSC,159:166:163
CmA,231:124:114
CmAlm,231:124:114
CmAqz,231:124:114
CmAs,231:124:114
CmCD,160:124:120
Cmcg,232:174:151
CmDBI,171:125:0
CmDEB,204:216:145
CmDEBlm,204:216:145
CmDEBmc,204:216:145
CmDEBqz,204:216:145
CmDLB,128:181:213
CmDLI,128:181:213
CmDLJ,128:181:213
CmDLL,128:181:213
CmDlm,232:174:151
CmDLT,128:181:213
CmGL,232:174:151
CmGlm,171:125:0
CmGs,171:125:0
CmGsc,171:125:0
CmGsf,171:125:0
CmL,231:124:114
Cmlm,232:174:151
CmMB,128:181:213
CmMRE,82:130:206
CmMsf,153:151:145
CmN,232:174:151
CmOHt,255:140:181
CmOK,212:191:204
CmOKlc,212:191:204
CmOKlm,212:191:204
CmOlc,232:174:151
CmOM,232:174:151
CmOms,212:191:204
CmORz,128:181:213
CmOs,232:174:151
Cmqz,232:174:151
Cms,232:174:151
Cmsf,232:174:151
Cmst,232:174:151
CPA,153:189:218
CPAS,128:206:201
CPCgs,138:43:226
CPch,153:216:216
CPCsf.m,220:171:170
CPCus,220:171:170
CPdr,212:135:181
CPF,128:206:201
CPFLsv,196:204:207
CPFUvb,196:204:207
CPH,153:189:218
CPKa,153:216:216
CPKi,128:206:201
CPKo,181:135:250
CPlc,153:216:216
CPlm,219:87:0
CPm,181:135:250
CPMR,153:189:218
CPMRum,168:0:176
CPog,212:135:181
CPSE,153:189:218
CPSF,153:216:216
CPSFK,153:216:216
CPSlm,153:189:218
CPSNlm,153:189:218
CPSNva,153:189:218
CPus,168:0:176
CScg,153:189:218
CSlm,153:189:218
CSsc,153:189:218
CSt,153:216:216
CSvc,153:189:218
CSvf,153:189:218
CTrBRbs,202:167:209
CTrCC,159:166:163
CTrKcg,159:166:163
CTrKsf,159:166:163
Czfp,255:194:191
Czgr,255:194:191
DCBH,233:199:226
DCEBFvd,204:216:145
DCEBSKvf,204:216:145
DCEBSst,204:216:145
DCog,235:173:196
DCQLgr,235:173:196
DCqm,235:173:196
DCSv.pl,153:189:218
Ddo,128:206:201
DEBD,204:216:145
DEBdr,255:194:191
DEBog,255:194:191
DEBpg,204:216:145
DEBSk,204:216:145
DEBus,168:0:176
DEBW,204:216:145
DETpg,219:204:247
DFSA,203:189:220
di,255:222:237
DIsy,255:194:191
DJCv,230:166:255
DJgd,255:194:191
DJgs,153:215:190
DJsf,153:215:190
Dlc,128:206:201
DlPSsf,153:189:218
DlPSsl,153:189:218
DlPSsv,153:189:218
DlPSv,153:189:218
DMBE,143:196:212
DMBmd,143:196:212
DMBsf,143:196:212
DMCcg1,203:189:220
DMCcg2,255:194:191
DMcg,219:204:247
DMch,103:179:159
DMCmb,255:194:191
DMCmc,203:189:220
DMCmr,255:194:191
DMCms,233:199:226
DMEA,153:151:145
DMEBF,204:216:145
DMEBR,204:216:145
DMEcg,153:151:145
DMEG,153:151:145
DMEmd,153:151:145
DMEmv,255:222:237
DMEsf,153:151:145
DMF,233:199:226
DMQ,235:173:196
DMR,235:173:196
DMSPd,235:173:196
DMSPgd,255:194:191
DMSsv,153:189:218
DMSv,153:189:218
DMWgs,181:135:250
DMWml,181:135:250
DMWpg,181:135:250
DMWus,168:0:176
Dog,255:194:191
DPAgs,179:227:238
DPAls,179:227:238
DPAs,179:227:238
DPAsf,179:227:238
DPBa,103:179:159
DPBC,104:159:202
DPBCG,104:159:202
DPC,104:159:202
DPFL,196:204:207
DPHlm,153:189:218
DPHRs,153:189:218
DPHsf,153:189:218
DPK,128:206:201
DPRdr,235:173:196
DPRgd,235:173:196
DPRum,168:0:176
DPSlm,153:189:218
DPSM,196:204:207
DPSMUec,212:184:255
DPSMUgb,235:173:196
DPSMUum,168:0:176
DPSs,153:189:218
DPSsl,153:189:218
DPSsv,153:189:218
DPv,103:179:159
Ds,128:206:201
DSlm,153:189:218
DSm,153:189:218
DSmy,153:189:218
DSsf,153:189:218
DSv,153:189:218
DSvb,153:189:218
Dsy,255:194:191
DTrBR,219:204:247
DTrBRgs,219:204:247
DTrBRlm,219:204:247
DTrBRvb,219:204:247
DTrHlm,153:189:218
DTrHNsv,153:189:218
DTrHsf,153:189:218
DTrHvb,153:189:218
DTrT,219:204:247
DTrTma,219:204:247
Dvb,104:159:202
EAdqmz,255:156:148
EBB,255:194:191
EBdmz,255:156:148
EBfp,255:194:191
EBgd,255:194:191
EBo,255:194:191
EBqd,255:194:191
ECg,235:173:196
ECgd,255:194:191
ECH,255:194:191
ECsy,255:194:191
EDdr,255:194:191
EDgd,255:194:191
Edi,255:194:191
EDOCPmp,255:194:191
EDqd,255:194:191
Edr,255:194:191
EEBvb,255:179:0
EEG,255:179:0
EEOvb,255:179:0
EEv,255:179:0
EEva,255:179:0
EEvb,255:179:0
EEvb.tfa,255:179:0
EEvf,255:179:0
EEvl,255:179:0
EFLgd,255:194:191
EFLmi,255:194:191
Efp,255:194:191
Eg,219:87:0
Egb,255:194:191
Egd,255:194:191
Egmz,219:87:0
EGo,255:194:191
Egr,255:194:191
Ei,255:194:191
EJAC,255:138:99
EJAIgd,255:138:99
EJAIqm,255:138:99
EJBdb.po,148:255:176
EJBdmz,255:69:145
EJBgd,255:69:145
EJBLdb,148:255:176
EJCGog,230:166:255
EJCM,255:138:99
EJCo,255:138:99
Ejdg,255:69:145
EJdg,255:69:145
EJdr,255:138:99
EJE,255:138:99
EJETLm,230:166:255
EJF,255:138:99
EJfp,255:138:99
EJg,255:69:145
EJgb,255:138:99
EJgd,255:138:99
EJGdmz,255:69:145
EJGdr,255:138:99
EJgg,255:69:145
EJgr,255:138:99
EJHCsy,255:138:99
EJHD,255:138:99
EJHdg,255:138:99
EJHgb,255:138:99
EJHgd,255:138:99
EJHhy,255:140:181
EJHMRdmz,255:69:145
EJHqd,255:138:99
EJHqm,255:138:99
EJi,255:138:99
EJKdr,199:64:0
EJMCdqmz,255:69:145
EJMLM,255:69:145
EJmu,255:145:38
EJmz,255:138:99
EJOdqmz,255:69:145
EJog,230:166:255
EJog_my,230:166:255
EJPiTCdd,255:69:145
EJPiTCdmz,255:69:145
EJPiTCdq,255:69:145
EJPiTCg,255:69:145
EJPiTCgd,255:69:145
EJPiTChf,255:69:145
EJPiTCLdd,255:69:145
EJPiTCLdmz,255:69:145
EJPiTCLgd,255:69:145
EJPiTCLgmz,255:69:145
EJPiTCLhf,255:69:145
EJPiTCSdd,255:69:145
EJPiTCSLgd,255:69:145
EJPo,237:99:250
EJPUdr,230:131:98
EJPUdr.s,230:131:98
EJPUmu,237:99:250
EJPUum,237:99:250
EJpx,255:138:99
EJqd,255:138:99
EJqm,255:138:99
EJRdmz.xhb,255:69:145
EJRo,255:138:99
EJRRsy,255:138:99
EJRRsy.l,255:138:99
EJSK,255:138:99
EJSPfp,255:138:99
EJSPgd,255:138:99
EJSPgr,255:138:99
EJSPqm,255:138:99
EJSRgg,255:69:145
EJsy,255:138:99
EJTAfp,255:138:99
EJTASgd,250:128:114
EJTAWgd,255:97:31
EJTCdd,255:69:145
EJTCdg,255:138:99
EJTCdq,255:69:145
EJTCds,255:69:145
EJTCgd,255:69:145
EJTCgg,255:69:145
EJTCgt,255:69:145
EJTChf,255:69:145
EJTCLdd,255:69:145
EJTCLgd,255:69:145
EJTCLgmz,255:69:145
EJTCLgt,255:69:145
EJTCLhf,255:69:145
EJTCLtr,255:69:145
EJTCS,255:138:99
EJTCSdd,255:69:145
EJTCSdmz,255:69:145
EJTHgd,255:138:99
EJTLqd,250:128:114
EJTPds,255:69:145
EJTpfp,255:145:38
EJTpgd,255:69:145
EJTpN,255:138:99
EJum,237:99:250
EJZ,255:138:99
EKaC,255:179:0
EKACCs,254:235:172
EKAdi,255:97:31
EKAg,255:97:31
EKAHCs,254:235:172
EKAs,254:235:172
EKAsf,254:235:172
EKATsf,254:235:172
EKav,255:179:0
EKAv,255:179:0
EKAva,255:179:0
EKBgr,255:166:180
EKBRgd,255:166:180
EKBRqd,255:166:180
EKC,255:97:31
EKCd,255:97:31
EKCgb,255:97:31
EKCgd,255:97:31
EKCogn,255:97:31
EKCqd,255:97:31
EKCqm,255:97:31
EKCt,255:97:31
EKdqmz,255:156:148
EKdr,255:97:31
EKEnH,255:97:31
EKFgd,255:140:181
EKfp,255:97:31
EKg,255:97:31
EKgb,255:97:31
EKgd,255:97:31
EKGm,255:97:31
EKgr,255:97:31
EKH,255:97:31
EKHM,255:97:31
EKi,209:130:0
EKK,255:97:31
EKLBdr,255:166:180
EKMAqd,255:97:31
EKMd,255:97:31
EKMdi,255:97:31
EKMdr,255:97:31
EKMgb,255:97:31
EKMgd,255:97:31
EKMgr,255:97:31
EKMmp,222:241:151
EKMqd,255:97:31
EKMqm,255:97:31
EKMtr,255:97:31
EKog,230:166:255
EKPdr,255:97:31
EKqd,255:97:31
EKqm,255:97:31
EKqp,255:97:31
EKSCto,255:97:31
EKTLmi,230:166:255
EKTLog,230:166:255
EKto,255:97:31
Elhg,255:156:148
ELKCgt,255:97:31
ELKCt,255:97:31
EMEv,255:179:0
EMgr,235:173:196
EMH,255:194:191
EMiE,255:179:0
EMJdr,255:138:99
EMJHTgg,255:69:145
EMJI,255:156:148
EMJIag,255:138:99
EMJIdr,255:156:148
EMJIdr-fp,255:156:148
EMJIdr-gd,255:156:148
EMJIdr-p,255:156:148
EMJIdr-qm,255:156:148
EMJIfp,255:138:99
EMJIg,255:138:99
EMJIgb,255:156:148
EMJIgb-gd,255:156:148
EMJIgb-qd,255:156:148
EMJIgd,255:156:148
EMJIgd-fp,255:156:148
EMJIgd-gr,255:156:148
EMJIgd-qp,255:156:148
EMJIgd-to,255:156:148
EMJIpo,255:156:148
EMJIqd,255:156:148
EMJIqd-fp,255:156:148
EMJIqd-gd,255:156:148
EMJIqd-gr,255:156:148
EMJIqd-qp,255:156:148
EMJIqd-to,255:156:148
EMJIqmd-gd,255:156:148
EMJIqp,255:138:99
EMJSPd,255:69:145
EMJSPdb,255:138:99
EMJSPgd,255:138:99
EMJTLms,218:112:214
EMJTLmv,218:112:214
EMMgd,219:87:0
EMPgd,255:156:148
EMR,235:173:196
EMRgd,255:194:191
EMto,235:173:196
ENg,255:194:191
ENgd,255:194:191
ENqm,255:194:191
EO,234:173:67
EOH,234:173:67
EOlC,209:130:0
EOlCMv,255:179:0
EOlCMva,255:179:0
EOlCMvd,255:179:0
EOldb,255:194:191
EOlEs,234:173:67
EOlEv,255:179:0
EOlK,255:194:191
EOlM,255:194:191
EOLNva,255:179:0
EOLpo,255:194:191
EOls,255:232:128
EOlS,209:130:0
EOlT,255:194:191
Eolv,255:179:0
Eolvc,255:179:0
EOLvf,255:179:0
EOLvr,255:179:0
EON,255:179:0
EONcg,234:173:67
EONva,255:179:0
EONvb,255:179:0
EONvl,255:179:0
EOva,234:173:67
EOvc,255:179:0
EOvd,255:179:0
EOvf,234:173:67
EPeK,254:235:172
EPeM,255:179:0
EPeMK,255:179:0
EPes,254:235:172
EPev,255:179:0
EPgb,212:184:255
EPgd,255:156:148
EPnC,212:135:181
EPogn,212:184:255
EPr,254:235:172
EPra,254:235:172
EPrb,255:179:0
EPrBG,156:122:252
EPrG,255:179:0
EPRgb,212:184:255
EPRgd,212:184:255
EPRgr,212:184:255
EPrM,255:179:0
EProg,255:179:0
EPrpg,156:122:252
EPrT,255:179:0
EPRto,212:184:255
EPrY,255:179:0
EQ,255:194:191
Eqm,255:194:191
Eqp,255:194:191
Er,255:194:191
Es,143:188:139
Esc,219:87:0
EScg,254:235:172
ESdmz,255:156:148
ESR,255:194:191
ESv,254:235:172
ESva,254:235:172
ESvb,254:235:172
ESvc,254:235:172
ESvf,254:235:172
ESvl,254:235:172
ETg,255:194:191
ETgd,255:156:148
ETgr,255:194:191
ETLELog,218:112:214
Eto,255:194:191
ETqd,255:156:148
ETqm,255:156:148
ETS,255:194:191
ETSBE,255:194:191
ETTs,255:194:191
ETz,209:130:0
Eum,237:99:250
Ev,255:179:0
Eva,255:179:0
Evd,255:179:0
Evf,255:179:0
Evr,219:87:0
HoB,255:255:0
Hovb,255:232:128
HoWGvb,255:255:0
JBvf,148:255:176
Jdr,199:64:0
JENdb,255:69:145
JFe,133:176:0
JFesf,133:176:0
JFgr,255:140:181
Jg,255:69:145
Jgd,199:64:0
Jgg,255:69:145
JHN/Ssc.ds,149:203:184
JHNsf.pt,149:203:184
JHSHvb.tfa,149:203:184
JHSss.pt,149:203:184
JKBdqmz,255:69:145
JKCe,207:222:0
JKcg,80:180:125
JKCL,219:87:0
JKCs,133:176:0
JKCsc,133:176:0
JKCsf,133:176:0
JKdq,255:69:145
JKdr,219:87:0
JKg,219:87:0
JKgd,219:87:0
JKGml,230:166:255
JKGms,230:166:255
JKGmv,230:166:255
JKgs,230:166:255
JKGs,230:166:255
JKK,133:176:0
JKL,230:166:255
JKLS,127:173:81
JKM,219:87:0
JKRMTMs,204:235:197
JKsf,207:222:0
JKto,219:87:0
JNCgg,255:69:145
JPig,255:69:145
Jqd,199:64:0
Jqm,199:64:0
JSLO,255:140:181
Jsy,199:64:0
JTqd,219:87:0
JTqp,219:87:0
Jvc,179:178:94
KAP,255:97:31
KAS,255:97:31
KB,255:97:31
Kca,234:173:67
Kdr,255:97:31
KEv,179:178:94
KF,232:249:174
KFB,255:247:230
KFBS,235:250:197
KFC,235:250:197
KFG,255:247:230
KFGa,235:250:197
KFGHB,235:250:197
KFGt,255:247:230
KFHa,235:250:197
KFHu,235:250:197
KFL,235:250:197
KFM,235:250:197
Kfp,255:194:191
KFS,255:247:230
KFSh,235:250:197
KFSi,255:247:230
KFSsf,235:250:197
KFSu,235:250:197
Kg,255:97:31
Kgd,255:97:31
Kgr,255:97:31
KGWgd,255:97:31
KJ,222:241:151
KNa,255:97:31
KNgg,219:87:0
Kog,230:166:255
KOL,255:97:31
KP,232:249:174
KPes,255:240:209
KPesc,255:240:209
KPV,232:249:174
KPW,232:249:174
KQ,235:220:190
Kqd,255:97:31
Kqm,255:97:31
Ks,222:241:151
KSBPss,255:247:230
KSo,209:130:0
KSRBss,235:220:190
KSsv,222:241:151
KSTCss,255:247:230
Ksy,255:97:31
KTCBCs,122:224:0
KTcg,127:195:28
KTCs,122:224:0
KTCu,230:166:255
KTgd,255:156:148
KTgr,255:156:148
KTi,255:156:148
KTmm,230:166:255
KTqd,255:156:148
KTqm,255:156:148
KTqp,255:156:148
KTS,255:240:209
KTSh,230:166:255
KTSl,230:166:255
KTsv,179:223:127
KTsy,255:156:148
KTU,255:240:209
Ktva,179:223:127
KTvc,179:223:127
KTW,255:156:148
Kvb,207:222:0
KVZ,222:241:151
KW,255:97:31
KWh,255:97:31
KWpe,255:97:31
lCmAB,231:124:114
lCmAK,231:124:114
lCmAQ,231:124:114
lCmAR,231:124:114
lCmB,171:125:0
lCmD,231:124:114
lCmEBJ,204:216:145
lCmEBlc,204:216:145
lCmEBlm,204:216:145
lCmEBsf,204:216:145
lCmEBva,204:216:145
lCmG,171:125:0
lCmGlc,171:125:0
lCmGlm,171:125:0
lCmGMa,171:125:0
lCmGMc,171:125:0
lCmGMu,171:125:0
lCmGqz,171:125:0
lCmH,171:125:0
lCmlm,171:125:0
lCmM,171:125:0
lCmqz,171:125:0
lCmvk,171:125:0
LDBSHog,255:194:191
LDEMMdd,60:150:140
LDEMMdq,255:194:191
LDEMSdd,60:150:140
LDEMSg,60:150:140
LDFdr,255:194:191
LDFg,255:194:191
LDJCg,255:69:145
lDlm,212:191:204
lDlMBSgb,217:48:122
lDlMBSus,168:0:176
LDLMgd,219:87:0
LDMcdr,255:194:191
LDMcg,255:194:191
LDMcgd,255:194:191
LDMcqm,255:194:191
lDMW,233:199:226
LDR,0:189:199
LDSa,255:194:191
lDuTrvc,103:179:159
lJB,148:255:176
LJBd,255:69:145
LJBgd,255:69:145
lJBHCsn,149:203:184
lJBHCvm,148:255:176
lJBHCvs,148:255:176
lJBHsf,149:203:184
lJBHst,149:203:184
lJBLs,149:203:184
lJBLvb.px,148:255:176
lJBLvf,148:255:176
lJBLvf-vm.bm,148:255:176
lJBLvm,148:255:176
lJBLvm.p,148:255:176
lJBLvm.vc,148:255:176
lJBLvm.x,148:255:176
lJBLvs,148:255:176
lJBNvb.tx,221:194:136
lJBPCsf,149:203:184
LJBqd,255:69:145
LJBqm,255:69:145
LJBt,255:69:145
lJC,80:180:125
lJCcg,80:180:125
lJCCRCsf,216:191:216
lJCs,80:180:125
LJCto,255:99:71
lJCvc,80:180:125
LJdr,255:69:145
lJEDog,255:222:237
LJEKPto,255:97:31
LJEnS,255:140:181
LJFC,255:69:145
LJFCL,255:69:145
LJFE,255:69:145
LJFF,255:69:145
LJFG,255:140:181
LJFN,255:69:145
LJFT,255:140:181
LJgd,255:69:145
lJHB,149:203:184
lJHBCva,149:203:184
lJHBCvbm,149:203:184
lJHBCvd,149:203:184
lJHBCvd.f,149:203:184
lJHBCvpy,149:203:184
lJHBCvr,149:203:184
lJHBCvs,149:203:184
lJHCvb.evs,149:203:184
lJHCvr,149:203:184
lJHCvs,149:203:184
lJHEP,149:203:184
lJHEva,149:203:184
lJHEvr,149:203:184
lJHGCvb,149:203:184
lJHGvr.pi,149:203:184
lJHJs,149:203:184
lJHJsc,149:203:184
lJHJscb,149:203:184
lJHJsf,149:203:184
lJHJss,149:203:184
lJHJva,149:203:184
lJHL,80:180:125
lJHNAvf,149:203:184
lJHNEsc,149:203:184
lJHNEsf,149:203:184
lJHNEsv,149:203:184
lJHNEvc,149:203:184
lJHNEvf,149:203:184
lJHNIs,149:203:184
lJHNIst,149:203:184
lJHNIva,149:203:184
LJHPto,255:69:145
lJHsc,149:203:184
lJHSRsf,149:203:184
lJHSs,149:203:184
lJHSsf,149:203:184
lJHSsl,149:203:184
lJHSss,149:203:184
lJHSst,149:203:184
lJHsv,149:203:184
lJHT,149:203:184
lJHTca,149:203:184
lJHTv,149:203:184
lJHTva,149:203:184
lJHTvb,149:203:184
lJHTvd,149:203:184
lJHTvf,149:203:184
lJHU,149:203:184
lJHva,149:203:184
lJHvl,149:203:184
lJHvr,149:203:184
LJKdr,219:87:0
LJKgb,219:87:0
LJKgd,219:87:0
LJKgr,219:87:0
LJKog,230:166:255
LJKP,219:87:0
LJKqd,219:87:0
LJKqm,219:87:0
LJKto,219:87:0
lJKv,149:203:184
lJKvb,149:203:184
lJL,159:198:163
LJLagr,255:69:145
LJLaqd,255:69:145
LJLaqm,255:69:145
lJLIcg,159:198:163
lJLIlm,159:198:163
lJLIsf,159:198:163
lJLIst,159:198:163
LJLKTLog,230:166:255
lJLTcg,159:198:163
lJLTls,159:198:163
lJLTsf,159:198:163
lJLTst,159:198:163
lJLTva,159:198:163
lJLvi.vcf,148:255:176
lJMa,159:198:163
LJMTgd,255:69:145
LJqd,255:69:145
lJR,80:180:125
lJRA,80:180:125
lJRE,80:180:125
lJRH,80:180:125
lJs,80:180:125
lJst,179:178:94
LJto,255:69:145
lJToAvc,80:180:125
lJToMc,80:180:125
lJToMva,80:180:125
lJToS,80:180:125
lJTw,80:180:125
LKAMqd,255:99:71
LKAMqp,255:194:191
lKBDCst,235:220:190
LKBdr,255:156:148
LKBfp,255:156:148
LKBg,255:156:148
LKBgd,255:97:31
LKBPdqmz,255:156:148
LKBqd,255:156:148
LKBqm,255:156:148
LKBqp,255:156:148
lKBuC,255:247:230
lKBuCG,255:247:230
lKBuGe,255:247:230
LKCa,255:156:148
LKCAgd,255:156:148
lKCcg,235:220:190
lKCDsn,122:224:0
lKcg,222:241:151
LKCL,255:156:148
lKCsn,204:235:197
LKCT,255:156:148
LKdi,255:156:148
LKdr,219:87:0
LKEd,255:97:31
LKEdr,233:150:122
LKEfp,250:128:114
LKEgd,255:156:148
LKEnFLgd,255:156:148
LKEnFLqm,255:97:31
LKEngr,255:156:148
LKEnP,255:156:148
LKEnqp,255:156:148
LKEqd,255:156:148
LKEqm,255:97:31
LKEqp,255:194:191
LKEt,255:156:148
LKgb,255:156:148
lKGca,207:222:0
lKGcg,207:222:0
LKgd,219:87:0
LKGlgr,255:156:148
lKGM,207:222:0
lKGP,207:222:0
LKgr,219:87:0
lKGs,207:222:0
lKGS,207:222:0
lKGsv,207:222:0
lKGva,207:222:0
LKH,255:156:148
LKi,255:156:148
lKJ,222:241:151
LKJ,255:156:148
lKJMcg,222:241:151
lKJMLs,222:241:151
lKJMs,222:241:151
lKJMsv,222:241:151
lKJs,222:241:151
LKKP,255:156:148
lKLs,235:220:190
lKMcg,255:217:110
lKMs,143:188:139
lKMsf,0:189:199
lKMv,207:222:0
lKMvs,254:235:172
LKNHqp,255:166:180
lKOca,207:222:0
LKog,230:166:255
LKPeBgd,255:184:157
LKPedr,255:156:148
LKPegb,255:156:148
LKPegd,255:156:148
LKPeqd,255:156:148
LKPeQgd,255:156:148
LKPeQqd,255:156:148
LKPto,255:97:31
LKqd,255:156:148
lKQHI,235:220:190
lKQL,235:220:190
LKqm,255:156:148
LKqp,255:97:31
lKRMPRsf,204:235:197
lKS,222:241:151
lKSB,214:255:92
lKSBca,214:255:92
lKSBCss,235:220:190
lKSBP,214:255:92
lKSBPca,214:255:92
lKSBPva,214:255:92
lKSBSva,214:255:92
lKSca,214:255:92
lKSKC,222:241:151
LKSL,255:156:148
lKSN,222:241:151
lKSRs,222:241:151
lKSRv,222:241:151
lKSRvf,222:241:151
lKSRvk,222:241:151
lKSRvr,222:241:151
lKSs,235:220:190
lKSsc,222:241:151
lKSsf,222:241:151
LKt,219:87:0
lKTBC,222:241:151
lKTCca,122:224:0
lKTCDs,122:224:0
lKTCEPs,122:224:0
lKTCFRvs,122:224:0
lKTCLs,122:224:0
lKTCPs,122:224:0
lKTCTCvs,122:224:0
LKTDfp,255:156:148
LKTg,255:156:148
LKTgd,255:156:148
LKTLOto,255:69:145
LKto,255:156:148
LKTpg,255:156:148
LKTqm,255:156:148
lKTRca,254:235:172
lKTRs,254:235:172
LKTSfp,255:156:148
LKWfp,255:156:148
LKWqd,255:156:148
lmCmsc,232:174:151
lmJA,80:180:125
lmJAs,80:180:125
lmJBRsf.ds,221:194:136
lmJBsc,221:194:136
lmJBss,221:194:136
lmJBv,221:194:136
lmJBv.tpo,221:194:136
lmJBwst,0:189:199
lmJCvsm,230:166:255
lmJDMs,168:188:219
lmJDMsf,168:188:219
lmJH,149:203:184
lmJHcg,149:203:184
lmJHCv,149:203:184
lmJHD,149:203:184
lmJHEs,149:203:184
lmJHEvf,149:203:184
lmJHIsf,149:203:184
lmJHmv,149:203:184
lmJHMv,149:203:184
lmJHMvb.evs,149:203:184
lmJHMvr,149:203:184
lmJHsf,149:203:184
lmJHSH,149:203:184
lmJHSHcg,149:203:184
lmJHSHvb,149:203:184
lmJHSHvc,149:203:184
lmJHSs,149:203:184
lmJHSsc,149:203:184
lmJHSsf,149:203:184
lmJHSsf.dca,149:203:184
lmJHSsf.ds,149:203:184
lmJHsv,149:203:184
lmJHTva.evs,149:203:184
lmJHv,149:203:184
lmJHv.evs,149:203:184
lmJHv.pl,149:203:184
lmJHva.pl,149:203:184
lmJHvb,149:203:184
lmJHvc,149:203:184
lmJHvf,149:203:184
lmJHvl,149:203:184
lmJHvpy,149:203:184
lmJHvr,149:203:184
lmJHvs,149:203:184
lmJL,159:198:163
lmJLa,149:203:184
lmJLaD,149:203:184
lmJLcg,159:198:163
lmJLs,149:203:184
lmJLva,0:190:120
lmJMv,43:166:0
lmJMvb,43:166:0
lmJMvf,43:166:0
lmJs,80:180:125
lmJva,149:203:184
lmOmd,202:167:209
lmOsf,202:167:209
LMPCN,212:135:181
lMPSM,196:204:207
lMSsl,153:189:218
lmTrlm,153:189:218
lmTrsf,204:236:225
lmTrSvb.m,153:189:218
lMuTrvs,153:189:218
lOC,128:181:213
lOM,128:181:213
lOS,128:181:213
lPAsf,179:227:238
lPBS,153:189:218
lPmb,212:184:255
lPmc,153:189:218
lPmr,212:184:255
lPms,212:184:255
lPmv,212:184:255
LPnPgb,212:135:181
LPnPLLgb,212:135:181
lPrDms,0:189:199
lPS,153:189:218
lPSlc,153:189:218
lPSlm,153:189:218
lPSsl,153:189:218
lPSvb,153:189:218
lPSvf,153:189:218
LPTrKd,212:184:255
LPTrKt,212:184:255
lPzEBF,204:216:145
LPzi,212:135:181
lPzMIgs,128:181:213
lPzMImc,128:181:213
lPzMIS,128:181:213
lSN,233:199:226
LTgd,237:8:15
LTmz,255:145:38
LTrBCqd,255:99:71
LTrBCto,255:99:71
LTrBgb,219:87:0
LTrBum,237:99:250
LTrBus,237:99:250
LTrCdr,220:20:60
LTrCMdg,255:145:38
LTrCMqm,255:145:38
LTrCto,220:20:60
LTrdi,255:145:38
LTrdqmz,219:87:0
LTrdr,219:87:0
LTrdsg,219:87:0
LTrEJTdq,255:69:145
LTrEJTgd,255:69:145
LTrgb,219:87:0
LTrGCBgd,255:99:71
LTrGCSqm,255:99:71
LTrgd,219:87:0
LTrGds,212:184:255
LTrGMBqd,255:99:71
LTrGMGMto,255:99:71
LTrGMMto,255:99:71
LTrGMMto.tr,255:99:71
LTrHCHdsg,219:87:0
LTri,219:87:0
LTrJAgb,255:145:38
LTrJAum,237:99:250
LTrJCqm,255:145:38
LTrJCsy,255:145:38
LTrJCum,237:99:250
LTrJdr,255:145:38
LTrJgb,255:145:38
LTrJGB,255:99:71
LTrJGBe,255:99:71
LTrJGBo,255:99:71
LTrJgd,255:145:38
LTrJGG,255:99:71
LTrJGH,255:99:71
LTrJGqp,255:99:71
LTrJHgb,255:145:38
LTrJHum,237:99:250
LTrJIC,255:145:38
LTrJIH,255:145:38
LTrJIP,255:145:38
LTrJIS,255:145:38
LTrJqm,255:145:38
LTrJsy,255:145:38
LTrJTe,255:145:38
LTrJto,255:145:38
LTrJTpg,255:145:38
LTrJTpgd,255:69:145
LTrJTpT,255:145:38
LTrJum,237:99:250
LTrJV,237:99:250
LTrJW,237:99:250
LTrKB,255:145:38
LTrLKTdmz,255:138:99
LTrMH,219:87:0
LTrqd,219:87:0
LTrqm,219:87:0
LTrSC,219:87:0
LTrSdd,219:87:0
LTrSdsg.m,212:184:255
LTrSe,219:87:0
lTrsf,204:236:225
LTrSg,212:184:255
LTrSMK,219:87:0
LTrStdg,219:87:0
LTrStgb,219:87:0
LTrTCdq,212:184:255
LTrTdq,212:184:255
LTrum,237:99:250
LTsy,255:145:38
luJHKva,149:203:184
luJvsm,219:87:0
luKQB,235:220:190
luKQHa,235:220:190
luKSQcg,127:195:28
luKSsch.cc,222:241:151
luKSu,255:240:209
luKSusc,255:240:209
luKT,122:224:0
luKWcg,127:195:28
luKWv,127:195:28
luKWvf,127:195:28
MBE,143:196:212
MCd,235:173:196
mCmcg,232:174:151
mCmdo,232:174:151
mCmlm,232:174:151
mCmqz,232:174:151
MDBFogn,255:194:191
mDEmb,179:178:94
mDEms,233:199:226
mDEmv,196:255:168
mDEq,233:199:226
MDEum,179:178:94
Mdi,212:135:181
mDlm,203:189:220
mDO,203:189:220
mDog,255:194:191
mDpg,181:135:250
mDqz,203:189:220
Mdr,235:173:196
mDs,203:189:220
mDSD,128:206:201
MDu,0:189:199
MEBS,204:216:145
MEBvc,204:216:145
MF,128:145:173
Mi,235:173:196
MiB,255:217:110
MiCCl,255:232:128
MiCvb,255:232:128
Migd,237:8:15
Migg.tma,219:87:0
Migr,237:8:15
MiHoMvbm,255:232:128
MiHoSvb,255:232:128
MiMAvt,255:232:128
MiMLvb,255:232:128
MiMR,255:232:128
MiMRvb,255:232:128
MiPiAv,255:232:128
MiPiAvb,255:232:128
MiPiC,255:232:128
MiPicg,255:232:128
MiPiCO,255:232:128
MiPiCvb,255:232:128
MiPidb,237:8:15
MiPiIALsy,209:130:0
MiPiIALvt,255:217:110
MiPiICCvt,255:217:110
MiPiIDRvt,255:217:110
MiPiITMvb,255:145:38
MiPiKgd-gr,237:8:15
MiPiKgd-p,237:8:15
MiPiKqd-gd,237:8:15
MiPiKqmd-p,237:8:15
MiPiqfp,255:194:191
MiPiS,255:255:0
MiPiTvk,255:232:128
MiPiva,255:194:191
MiPivb,255:232:128
MiPivc,255:232:128
MiPivd,255:232:128
MiPivf,255:194:191
MiPlAbm,255:217:110
MiPlAvf,255:217:110
MiPlCsc,255:232:128
MiPlCvb,255:232:128
MiPlCvl,255:232:128
MiPlH,255:232:128
MiPlL,255:232:128
Miqd,237:8:15
Miqm,237:8:15
Miv,255:255:0
Miva,255:255:0
Mivb,219:87:0
Mivf,255:217:110
MJA,255:140:181
MJBo,255:140:181
MJdd,255:69:145
MJFO,255:140:181
MJfp,255:140:181
MJgd,255:140:181
MJgr,255:140:181
mJHEvf,149:203:184
mJHIs,149:203:184
mJHIsc,149:203:184
mJHIsf,149:203:184
mJHIss,149:203:184
mJHIst,149:203:184
mJHIva,149:203:184
mJHIvb,149:203:184
mJHIvd,149:203:184
mJHIvr,149:203:184
mJHMvr,149:203:184
mJHN,149:203:184
mJHNlm,149:203:184
mJHNs,149:203:184
mJHNv,149:203:184
mJHNvc,149:203:184
mJHNvd,149:203:184
mJHQss,149:203:184
mJHs,149:203:184
mJHSms,149:203:184
mJHSmsc,149:203:184
mJHSmvc,149:203:184
mJHSsf,149:203:184
MJHTdg,255:69:145
MJHTgg,255:69:145
mJHvf,255:223:223
mJHvm,149:203:184
mJHvs,149:203:184
mJIvb,149:203:184
mJKB,226:210:160
MJKFgr,219:87:0
MJKFqp,219:87:0
mJKG,133:176:0
mJKK,133:176:0
MJKrsy,255:140:181
mJKsc,204:235:197
MJKx,255:140:181
mJL,159:198:163
mJm,219:87:0
mJM,80:180:125
MJMc,255:140:181
MJNBdg,255:69:145
MJNdb,255:69:145
MJNgd,255:140:181
MJNup,255:69:145
MJog,255:140:181
MJOgd,255:140:181
MJOlsy,255:140:181
MJPdr,255:140:181
MJPg,255:140:181
mJPPm,85:107:47
MJqd,255:140:181
MJqm,255:140:181
MJqp,255:140:181
MJSC,255:140:181
MJSe,255:140:181
MJSLB,255:138:99
MJSLC,255:140:181
MJSLL,255:140:181
MJSLM,255:140:181
MJSLqd,255:140:181
MJSLSh,255:140:181
MJSLSqd,255:140:181
MJSLSt,255:140:181
MJSLSu,255:140:181
MJSLTi,255:140:181
MJSLTw,255:140:181
MJSm,255:140:181
MJSMqm,199:64:0
MJSPgd,255:69:145
MJSPqd,255:140:181
MJSPsy,255:69:145
MJSPT,255:140:181
MJTgd,255:140:181
MJTqd,255:140:181
MJTSdg,255:140:181
MJTSdr,255:140:181
MJTSqm,255:140:181
MJTSto,255:140:181
MJWdg,255:140:181
mJY,43:166:0
MKBagr,255:97:31
MKBog,230:166:255
MKdi,255:97:31
MKdr,255:97:31
MKEgd,255:97:31
MKEqd,255:97:31
MKgb,255:97:31
mKgd,255:97:31
MKgd,255:97:31
MKGlgd,255:97:31
MKGlqd,255:97:31
MKgr,255:97:31
MKog,230:166:255
MKqd,219:87:0
MKqm,255:97:31
MKto,255:97:31
MLJBI,255:156:148
MLJdr,255:140:181
MLJG,255:140:181
MLJgd,255:69:145
MLJog,255:140:181
MLJqd,255:140:181
MLJSMgr,199:64:0
MLTrdr,219:87:0
MLTrP,237:99:250
MLTrqd,219:87:0
MLTrSRdmz,219:87:0
MM,128:145:173
MmJBsv,202:167:209
MmJBum,202:167:209
MmJBus,202:167:209
mMPch,128:145:173
MN,103:179:159
mODdo,128:181:213
mODRl,82:130:206
mODRlc,82:130:206
mODRqz,82:130:206
mODRs,82:130:206
mODRsf,82:130:206
mODRst,82:130:206
mODRv,82:130:206
MP,128:145:173
MPA,196:204:207
MPB,153:189:218
MPBN,153:189:218
MPch,103:179:159
MPCus,168:0:176
MPKsf,159:166:163
MPKv,159:166:163
MPKvc,159:166:163
MPls,181:191:53
MPM,168:0:176
MPmd,103:179:159
MPnBFch,153:189:218
MPnBFvb,153:189:218
MPndr,212:135:181
MPNH,128:145:173
MPnLlm,153:189:218
MPnLsf,153:189:218
MPnLsv,153:189:218
MPnLus,168:0:176
MPnLvb,153:189:218
MPNP,128:145:173
MPnSsf,153:189:218
mPrA,207:168:54
mPrC,207:168:54
mPrDM,255:179:0
mPrG,207:168:54
mPrGa,207:168:54
mPrH,255:179:0
mPrHC,207:168:54
mPrlm,156:122:252
mPrml,156:122:252
mPrPA,221:194:136
mPrPC,221:194:136
mPrPD,221:194:136
mPrPF,221:194:136
mPrPK,221:194:136
mPrPM,221:194:136
mPrPN,221:194:136
mPrPNS,221:194:136
mPrPV,221:194:136
mPrTdo,207:168:54
mPrTe,207:168:54
mPrTsc,207:168:54
MPSMDsf,196:204:207
MPSMDv,196:204:207
MPSMgb,212:135:181
MPSMsf,196:204:207
MPSsch,153:189:218
MPvb,103:179:159
MR,128:145:173
MRC,168:0:176
MRE,128:145:173
MRP,128:145:173
MS,153:189:218
MSbm,153:189:218
MSlm,153:189:218
MSMDmd,196:204:207
MSMDvb,196:204:207
MSMmd,196:204:207
MSR,128:145:173
MSRch,128:145:173
MSRlm,128:145:173
MSRqz,128:145:173
MSRst,128:145:173
MSRv,128:145:173
MSv,153:189:218
MSvc,153:189:218
Msy,235:173:196
MTrBMH,153:189:218
mTrCa,80:180:125
MTrCCb,153:189:218
MTrCCdr,230:131:98
MTrCCsv,159:166:163
MTrCCus,153:189:218
mTrch,204:236:225
MTrCKech,159:166:163
MTrCKelm,159:166:163
MTrCKesv,159:166:163
MTrEJHBCd.m,255:69:145
MTrEJHBCds.m,255:69:145
mTrJCcg,159:166:163
mTrJCst,159:166:163
mTrJCva,159:166:163
mTrJCvf,159:166:163
MTrSdr,212:135:181
mTrsf,204:236:225
MTrSgb,212:135:181
MTrSgs,153:189:218
MTrSlm,153:189:218
MTrSmd,153:189:218
mTrSsc,60:150:140
mTrSsf,60:150:140
MTrSsf,153:189:218
MTrSum,168:0:176
MTrSv,153:189:218
MTrSvb,153:189:218
MTrSvf,153:189:218
MTrum,237:99:250
mTrv,204:236:225
muCmA,232:174:151
muCmC,232:174:151
muCmCl,232:174:151
muCmCm,232:174:151
muCmCT,232:174:151
muCmCu,232:174:151
muCmE,232:174:151
muCmFE,232:174:151
muCmJ,232:174:151
muCmKb,232:174:151
muCmlm,232:174:151
muCmLSJ,232:174:151
muCmMBL,232:174:151
muCmO,232:174:151
muCmP,232:174:151
muCmS,232:174:151
muCmSI,232:174:151
muCmSMW,232:174:151
muCmT,232:174:151
muDMdo,149:203:184
muDMlm,149:203:184
muDSi,103:179:159
muDSiD,103:179:159
muJB/Hsc,226:210:160
muJBAcg,235:220:190
muJBAsc,235:220:190
muJBEss.evm,226:210:160
muJBEst.emd,226:210:160
muJBF,43:166:0
muJBNva,226:210:160
muJBsc,226:210:160
muJBsf,226:210:160
muJBss,226:210:160
muJBst,226:210:160
muJBTsf.emsl,226:210:160
muJBvd,235:220:190
muJHM,149:203:184
muJHMvpy,149:203:184
muJHOca,43:166:0
muJHQsf,149:203:184
muJHs,149:203:184
muJRMTPs,204:235:197
muJvb,43:166:0
muTrCVvb,0:128:0
muTrN,179:178:94
muTrNbp1,60:150:140
muTrNbpv,60:150:140
muTrNcg,60:150:140
muTrNlc,60:150:140
muTrNsf,60:150:140
muTrNvs,60:150:140
muTrTlm,60:150:140
muTrTsf,60:150:140
muTrTvb,60:150:140
muTrVD,120:210:255
muTrVDvb,120:210:255
muTrVs,120:210:255
muTrVsv,120:210:255
Mzfp,219:87:0
Mzgr,219:87:0
Mzm,230:166:255
Mzpe,219:87:0
Mzqm,219:87:0
MzS,230:166:255
OA,128:181:213
ODa,233:199:226
ODcg,217:48:122
ODdo,128:206:201
ODEc,128:181:213
ODex,217:48:122
ODls,217:48:122
ODmb,217:48:122
ODmc,217:48:122
ODmf,217:48:122
ODms,217:48:122
ODmsf,217:48:122
ODmv,149:203:184
Odo,128:181:213
ODR,82:130:206
ODS,153:189:218
ODSM,153:189:218
ODss,217:48:122
ODt,149:203:184
Ogb,217:48:122
OlL,237:99:250
OlMiCo,255:255:0
OlMigd,255:194:191
OlP,255:179:0
OlPiAcg,254:235:172
OlPicg,254:235:172
OlPiM,253:204:138
OlPiMv,255:232:128
OlPiMvb,253:204:138
OlPiMvf,253:204:138
OlPiS,254:235:172
OlTg,255:194:191
OlTgr,255:194:191
OlTqp,255:194:191
OMEqz,153:151:145
OMEsf,153:151:145
OMIL,217:48:122
OMRE,82:130:206
Oqz,128:181:213
OR,82:130:206
ORl,82:130:206
OSB,128:181:213
OSBW,128:181:213
OSk,128:181:213
OSlm,202:167:209
OSmd,202:167:209
OSR,82:130:206
OSst,202:167:209
OSvb,202:167:209
Ot,217:48:122
Otr,217:48:122
OTrA,149:203:184
OTrgs,202:167:209
OW,128:181:213
PAls,179:227:238
PBELgb,213:94:206
PBELum,218:112:244
PBELvb,202:133:200
PBEus,168:0:176
PBRog,212:184:255
PC,103:179:159
PCFv,159:166:163
PCFvb,159:166:163
PCFvc,159:166:163
Pcg,181:191:53
PCgs,128:206:201
Pch,103:179:159
PCh,168:0:176
Pcs,181:191:53
PCSvb,159:166:163
PCTe,159:166:163
PCus,168:0:176
PeEAcg,235:147:1
PeEAlm,235:147:1
PeEAs,235:147:1
PeEAsf,235:147:1
PeEAst,235:147:1
PeEC,255:194:191
PeECh,209:130:0
PeEF,255:179:0
PeEfp,255:194:191
PeEgd,255:194:191
PeEgr,255:194:191
PeEHdqmz,255:156:148
PeEMHgb,255:194:191
PeEMMvb,255:179:0
PeEMSDdb,255:194:191
PeEMSgb,255:194:191
PeEqm,255:194:191
PeEs,209:130:0
PeEShgr,255:194:191
PeEShmi,255:194:191
PeEShqd,255:194:191
PeEShqp,255:194:191
PeESTgr,255:194:191
PeEsy,255:194:191
PeEvf,234:173:67
Pefp,255:194:191
PeFPcg,122:224:0
Pegd,255:194:191
PeNgmz,219:87:0
PePiBMgg.tp,179:223:127
Peqm,255:194:191
PeR,255:240:209
PeTgd,255:194:191
Pevb,234:173:67
Pevd,234:173:67
Pgb,212:184:255
Pgg,255:156:148
PgNg,219:87:0
PgNgg,219:87:0
PgOlEPgg.tp,255:156:148
PgQvb,219:87:0
Pgss,219:87:0
Pguhb,255:156:148
Pi,255:194:191
PiHoGv,255:232:128
PiHoGvb,255:232:128
PiMN,255:232:128
PiMNvb,255:232:128
PiMS,255:232:128
PiMSvt,255:232:128
PiMvb,253:204:138
PiMvb.tt,253:204:138
PiPlITvb,254:235:172
PiPlITvt,254:235:172
PiPlsv,255:232:128
Pivb,219:87:0
Pivk,219:87:0
PJCS,159:166:163
PJdr,212:184:255
PJHs,0:219:204
PJHvb,0:219:204
PJog,212:184:255
PJSdr,212:184:255
PJSgs,0:219:204
PJSto,212:184:255
PJum,168:0:176
PJV,219:204:247
PJVml,219:204:247
PJVms,219:204:247
PL,153:189:218
PlAvb,255:255:0
PlHoMAvb,255:232:128
PlHoMEvt,255:232:128
PlHoMIvb,255:232:128
PlHoMKv,255:232:128
PlHoMKvt,255:232:128
PlHoMPv,255:232:128
PlHoMPvt,255:232:128
PlHovb,219:87:0
Pls,242:212:156
PlTrTCs,80:180:125
Plvb,219:87:0
Plvb.fv,219:87:0
PlWGvb,255:255:0
Pma,153:189:218
Pmy,219:87:0
Pnch,196:204:207
PNgqp,212:184:255
PnlJCCch,159:166:163
PnlJCClm,159:166:163
PnlJCCsv,159:166:163
PnlJCCum,180:117:236
PnlJCCvb,143:188:139
Pnlm,103:179:159
PnPBM,153:189:218
PnPC,104:159:202
PnPgb,212:135:181
PnPL,153:189:218
PnPlm,103:179:159
PnPml,181:135:250
PnPog,212:135:181
PnPR,179:227:238
PnPSC,104:159:202
PnPSDch,196:204:207
PnPSDlm,196:204:207
PnPSDsv,196:204:207
PnPSDvb,196:204:207
PnPsv,153:189:218
PnPvb,103:179:159
PnScg,153:189:218
PnSdo,153:189:218
PnSlm,153:189:218
PnSNa,153:189:218
PnSsf,153:189:218
PnSsv,153:189:218
PnSv,153:189:218
PnSvc,153:189:218
PnTrCbs,159:166:163
PnTrCC,159:166:163
PnTrClm,159:166:163
PnTrCmd,159:166:163
PnTrCP,159:166:163
PnTrCPma,159:166:163
PnTrCPvb,159:166:163
PnTrCS,159:166:163
PnTrCSs,159:166:163
PnTrCSvb,159:166:163
PnTrCTum,168:0:176
PnTrCTus,168:0:176
PnTrCvb,159:166:163
Pqss,153:189:218
PrDRmy,156:122:252
PrDRs,0:189:199
PrDRv,28:158:77
PrG,156:122:252
PrPzlm,171:125:0
PrPzm,219:204:247
PrPzMm,219:204:247
PrPzMmc,219:204:247
PrPzMpg,219:204:247
PrPzMqz,219:204:247
PrPzms_mv,255:222:237
PrPzpg,219:204:247
PrPzs,171:125:0
PrPzShlm,128:181:213
PrPzShm,255:222:237
PrPzShqz,128:181:213
PrPzY,255:222:237
Ps,153:189:218
PSB,242:212:156
PSch,153:189:218
PSHHum,168:0:176
PSHSM,176:95:216
PSHSMgb,199:21:133
PSHSMum,148:0:211
PSL,242:212:156
PSlm,153:189:218
PSMBdb,212:184:255
PSMBgb,212:184:255
PSMBus,168:0:176
PSMUec,168:0:176
PSMUgb,212:184:255
PSsf,153:189:218
PSsl,153:189:218
PSvb,153:189:218
PSvs,153:189:218
PTrCch,159:166:163
PTrCCMClm,159:166:163
PTrClm,159:166:163
PTrCRdb,212:184:255
PTrCRgb,212:184:255
PTrCRgs,212:184:255
PTrCRto,212:184:255
PTrCSgs,159:166:163
PTrCSlm,159:166:163
PTrCsv,159:166:163
PTrCSvb,159:166:163
PTrCTum,168:0:176
PTrCTus,168:0:176
PTrCum,168:0:176
PTrCvb,159:166:163
PTrE,153:189:218
PTrgs,179:178:94
PTrMdr,220:20:60
PTrMgd,220:20:60
PTrMml,220:20:60
PTrs,179:178:94
PTrS,149:203:184
PTrSSsch.cc,60:150:140
PTrSvm.am,219:204:247
PTrva,103:179:159
PTrVVbm,85:107:47
PTrWto,220:20:60
Pum,149:203:184
PV,181:135:250
Pvf,104:159:202
Pvs,196:204:207
Pvs_alt,153:189:218
PzDl,0:189:199
PzDum,168:0:176
Pzgm,219:87:0
Pzgr,217:48:122
Pzgs,219:204:247
PzJWg,255:140:181
PzJWm,255:140:181
PzJWml,219:204:247
PzKsf,179:227:238
PzKst,179:227:238
PzKvb,28:158:77
Pzlm,219:204:247
PzMzAgs,240:96:179
PzMzAog,240:96:179
PzMzcg,103:179:159
PzMzCS,203:189:220
PzMzdr,255:222:237
PzMzgb,255:222:237
PzMzGm,203:189:220
PzMzgs,219:204:247
PzMzlm,103:179:159
PzMzm,219:204:247
PzMzma,230:166:255
PzMzms,255:222:237
PzMzog,255:222:237
PzMzpg,219:204:247
PzMzst,202:167:209
PzMzum,168:0:176
PzMzvb,202:167:209
PzNgCGms,230:166:255
PzNgum,255:222:237
Pzog,217:48:122
Pzs,128:181:213
PzS,220:171:170
PzSB,220:171:170
PzSGP,220:171:170
PzSgs,220:171:170
PzSHM,220:171:170
PzSHMls,220:171:170
PzSHR,220:171:170
PzSHRv,220:171:170
PzSIM,220:171:170
PzTCmc,230:166:255
PzTCml,230:166:255
PzTCmm,230:166:255
PzTCog,230:166:255
PzTog,230:166:255
PzTrch,153:216:216
PzTrsf,153:216:216
PzTrsv,153:216:216
Pzvsm,219:87:0
Q,219:87:0
QLc,255:255:0
QLi,255:255:0
QM,255:232:128
QMI,255:232:128
QMKl,255:232:128
QMPy,255:232:128
Qs,255:255:0
QT,255:255:0
Qv,255:217:110
Qvb,255:255:0
Qvk,255:255:0
SDD,233:199:226
SDEmp,233:199:226
SDlm,128:181:213
SDls,128:181:213
SDM,233:199:226
SDMSD,233:199:226
SDNMW,233:199:226
SDOCmp,217:48:122
SDP,233:199:226
SDRa,153:189:218
SDRu,82:130:206
SDS,128:181:213
SDSRch,128:145:173
SDSRlc,128:145:173
SDSRM,153:189:218
SDSRqz,128:145:173
SDSRsc,128:145:173
SDSRsf,128:145:173
SDTlm,128:181:213
SDTqz,128:181:213
SDTs,128:181:213
SDW,128:181:213
Slc,128:181:213
SMEmp,233:199:226
SNgs,233:199:226
SNlm,233:199:226
SNqz,233:199:226
SPcg,128:181:213
SPch,128:181:213
SPlc,128:181:213
SPlm,128:181:213
SPls,128:181:213
SPmd,128:181:213
SPs,128:181:213
SPst,128:181:213
SPva,128:181:213
SPvb,128:181:213
Ssy,217:48:122
Svk,153:189:218
TB,255:179:0
Tfp,255:194:191
Tg,255:194:191
Tgd,255:194:191
Tgr,255:194:191
TJsy,255:145:38
TK,209:130:0
Tmc,149:203:184
Tqm,255:194:191
Tqp,255:194:191
TrA,149:203:184
TrB,148:255:176
TrBP,120:210:255
Trcg,0:219:204
TrCSva,159:166:163
TrCW,159:166:163
Trg,219:87:0
TrG,148:255:176
Trgb,219:87:0
TrI,149:203:184
TrJB,255:145:38
TrJBap,100:240:180
TrJBdb,100:240:180
TrJdr,255:145:38
TrJdr-sy,255:145:38
TrJg,255:145:38
TrJgs,219:87:0
TrJH,149:203:184
TrJH/Sst,149:203:184
TrJi,255:145:38
TrJJ,255:69:145
TrJN,60:150:140
TrJNO,60:150:140
TrJNRs,149:203:184
TrJqm,255:145:38
TrJsy,255:145:38
TrJTABCgd,255:138:99
TrJTABLgb,255:145:38
TrJTgs,219:204:247
TrJTpg,219:204:247
TrJTvb,60:150:140
TrJTvf,60:150:140
TrJY,204:235:197
TrKgr,255:145:38
TrKim,230:166:255
TrKP,127:173:81
TrKPv,28:158:77
TrKsf,159:166:163
TrL,148:255:176
Trlc,235:250:197
TrLCs,148:255:176
Trlm,148:255:176
TrLu,120:210:255
Trms_mv,219:87:0
Trog,219:87:0
TrP,120:210:255
TrPig,219:87:0
TrPiTCdd,255:138:99
TrRls,159:166:163
Trs,148:255:176
TrS/Tsf,60:150:140
TrS/Tv,143:188:139
TrSlc,120:210:255
TrSLlc,120:210:255
TrSLsf,120:210:255
TrSP,0:190:120
TrSRlm,120:210:255
TrSRS,148:255:176
TrSRsf,148:255:176
TrSRW,120:210:255
TrSSsf,60:150:140
TrTd,148:255:176
TrTdr,255:145:38
TrTg,219:87:0
TrTgd,255:145:38
TrTGlc,120:210:255
TrTqd,255:145:38
Trvtb,219:87:0
uCmK,212:191:204
uCmLy,128:181:213
uCmOK,212:191:204
uCmOKR,212:191:204
uCMOsf,202:167:209
uCmOvb,212:191:204
uDB,143:196:212
uDFl,203:189:220
uDM,203:189:220
uDPa,203:189:220
uDPe,203:189:220
uDSiM,103:179:159
uDSiN,103:179:159
uDuMBS,128:181:213
uDuMBScg,128:181:213
uDuMBSch,128:181:213
uDuMBSlm,128:181:213
uDuMBSqz,128:181:213
uDuMBSs,128:181:213
uDuMBSsc,128:181:213
uDuMBSst,128:181:213
uDuMBSva,128:181:213
uDuMBSvb,128:181:213
uDuMBSvd,128:181:213
uEB,234:173:67
UJB,235:220:190
uJBAm,235:220:190
uJBAmcg,235:220:190
uJBAmsc,235:220:190
uJBi,80:180:125
uJBvd,43:166:0
uJKDst,133:176:0
uJKDvb,133:176:0
uJKe,80:180:125
uJKM,204:235:197
uJKMB,204:235:197
uJKMG,204:235:197
uJKMM,204:235:197
uJKMu,204:235:197
uJKW,127:195:28
uJlKB/Ss,235:220:190
uJlKBCRsf.emsh,235:220:190
uJlKBGGss.emd,235:220:190
uJlKBJCsf.enm,235:220:190
uJlKBMCss.emsh,235:220:190
uJlKBs,235:220:190
uJlKBSsf.emd,235:220:190
uJTh,204:235:197
uKA,179:223:127
uKD,255:240:209
uKESu,255:240:209
uKESuT,255:247:230
uKEvf,219:87:0
uKEWmc,230:166:255
uKEWpg,230:166:255
uKK,179:223:127
uKKo,235:250:197
uKKsc,179:223:127
uKKva,179:223:127
uKN,240:234:215
uKNHv,149:203:184
uKNs,240:234:215
uKNSs,240:234:215
uKPCcg,232:249:174
uKPCv,232:249:174
uKPCvl,232:249:174
uKQBcg,240:234:215
uKQBsn,240:234:215
uKQG,240:234:215
uKQHo,240:234:215
uKQs,240:234:215
uKQS,240:234:215
uKQsf,240:234:215
uKQT,240:234:215
uKs,179:223:127
uKSmCa,255:247:230
uKSmK,235:250:197
uKSmL,235:250:197
uKSmMa,255:247:230
uKSmMu,235:250:197
uKSmP,235:250:197
uKSRvb.tfa,222:241:151
uKSu,255:240:209
uKTS,255:240:209
uKTU,255:240:209
uKva,179:223:127
uKvf,179:223:127
uKWa,255:240:209
uMPCec,168:0:176
uMPCH,159:166:163
uMPCN,159:166:163
uMPCum,168:0:176
uMPM,153:189:218
unknown,220:220:220
uPJC,159:166:163
uPJCKI,159:166:163
uPlm,103:179:159
uPma,242:212:156
uPmc,181:191:53
uPmTrVVgd,220:20:60
uPrCC,160:124:120
uPrCI,160:124:120
uPrCIC,160:124:120
uPrCmCM,160:124:120
uPrCmCr,242:212:156
uPrCmCY,160:124:120
uPrCmCYM,160:124:120
uPrCmCYMD,160:124:120
uPrCmE,242:212:156
uPrCmEBG,204:216:145
uPrCmEBpg,204:216:145
uPrCmEC,242:212:156
uPrCmGJ,171:125:0
uPrCmGM,171:125:0
uPrCmH,242:212:156
uPrCmISB,202:165:149
uPrCmMA,171:125:0
uPrCmMC,202:165:149
uPrCmMqz,178:134:83
uPrCmMsf,178:134:83
uPrCmmy,156:122:252
uPrCmN,207:168:54
uPrCmTA,160:124:120
uPrCYa,160:124:120
uPrD,202:165:149
uPrHL,202:165:149
uPrHlm,202:165:149
uPrHm,202:165:149
uPrHM,202:165:149
uPrHqz,202:165:149
uPrHS,202:165:149
uPrHsc,202:165:149
uPrHsf,202:165:149
uPrHy,242:212:156
uPrI,202:165:149
uPrIE,202:165:149
uPrIlm,202:165:149
uPrImd,202:165:149
uPrImm,202:165:149
uPrIpg,202:165:149
uPrIqz,202:165:149
uPrIS,202:165:149
uPrIsf,202:165:149
uPrISTmm,202:165:149
uPrISTsf,202:165:149
uPrISwqz,202:165:149
uPrISwst,202:165:149
uPrIT,202:165:149
uPrK,202:165:149
uPrKL,202:165:149
uPrKLlm,202:165:149
uPrKLsf,202:165:149
uPrKM,202:165:149
uPrKs,202:165:149
uPrKU,202:165:149
uPrM,178:134:83
uPrMcg,178:134:83
uPrMCm,202:165:149
uPrMCsc,202:165:149
uPrMCsf,202:165:149
uPrMgs,178:134:83
uPrMiB,203:164:108
uPrMiL,203:164:108
uPrMim,203:164:108
uPrMiM,203:164:108
uPrMiml,203:164:108
uPrMiMm,203:164:108
uPrMiMum,203:164:108
uPrMiO,203:164:108
uPrMiU,203:164:108
uPrMlm,178:134:83
uPrMMi,178:134:83
uPrMsc,203:164:108
uPrMsf,178:134:83
uPrpg,156:122:252
uPrPzB,171:125:0
uPrPzEB,204:216:145
uPrPzEBGms,204:216:145
uPrPzEBlm,204:216:145
uPrPzMISC,128:181:213
uPrPzS,220:171:170
uPrPzSD,220:171:170
uPrPzSDlm,220:171:170
uPrPzSDv,220:171:170
uPrPzSK,220:171:170
uPrPzSKK,220:171:170
uPrPzSKls,220:171:170
uPrPzSKv,220:171:170
uPrPzSms,220:171:170
uPrPzSR,220:171:170
uPrPzST,220:171:170
uPrPzSTM,220:171:170
uPrqz,220:171:170
uPrW,203:164:108
uPrWI,203:164:108
uPrWM,203:164:108
uPrWT,203:164:108
uPrWTMI,203:164:108
uPrWTS,203:164:108
uPS,153:189:218
uPTrK,103:179:159
uPTrKbm,103:179:159
uPTrKm,0:219:204
uPTrKst,153:189:218
uPTrKv,103:179:159
uPTrKvb,103:179:159
uPTrKvc,103:179:159
uPTrKvf,103:179:159
uPWbm,85:107:47
uPzB,168:0:176
uPzC,168:0:176
uPzd,212:135:181
uPzJGgs,203:189:220
uPzJGmy,203:189:220
uPzsc,0:189:199
uPzW,212:135:181
uTKb,80:180:125
uTrBP,149:203:184
uTrBPlc,149:203:184
uTrBPvb.fx,100:240:180
uTrBPvb.px,100:240:180
uTrBPvb.vcx,100:240:180
uTrBPvf,100:240:180
uTrBPvi.vc,100:240:180
uTrBPvi.vca,100:240:180
uTrBPvi.vcx,100:240:180
uTrBPvm.vc,100:240:180
uTrBPvs,100:240:180
uTrCgs,204:236:225
uTrChev,153:215:190
uTrChlm,153:215:190
uTrCHlm,120:210:255
uTrCHsc,120:210:255
uTrCL,148:255:176
uTrCsv,120:210:255
uTrCv,204:236:225
uTrHJsf,149:203:184
uTrHJst,149:203:184
uTrHJsw,149:203:184
uTrHKsl,149:203:184
uTrHKsw,149:203:184
uTrHTcg,149:203:184
uTrHTvf,149:203:184
uTrJcg,204:236:225
uTrJCR,230:166:255
uTrJCu,204:236:225
uTrJK,204:236:225
uTrJKP,204:236:225
uTrJKS,204:236:225
uTrJM,153:215:190
uTrJN,60:150:140
uTrJs,179:178:94
uTrJSlm,0:219:204
uTrJss,181:191:53
uTrJSs,0:219:204
uTrJsv,219:87:0
uTrJT,60:150:140
uTrJTcg,60:150:140
uTrJTst,60:150:140
uTrJTz,60:150:140
uTrJTzlm,179:178:94
uTrJv,204:236:225
uTrJvk,204:236:225
uTrKSa,204:236:225
uTrlJB,100:240:180
uTrlJBBcg,149:203:184
uTrlJBPvs,100:240:180
uTrlJBv,100:240:180
uTrlJBvb.ap,100:240:180
uTrlJBvf,100:240:180
uTrlJBvf.vc,100:240:180
uTrlJBvs,100:240:180
uTrlJBYlc,149:203:184
uTrlJH/Sv,149:203:184
uTrlJHTs,149:203:184
uTrlJHTsn,149:203:184
uTrlJHTva,149:203:184
uTrlJHTva.x,149:203:184
uTrlJHTvf,149:203:184
uTrlJSs,60:150:140
uTrlJst,219:87:0
uTrlJSv,60:150:140
uTrlm,204:236:225
uTrMMvm,80:180:125
uTrMOvc,204:236:225
uTrN,60:150:140
uTrNab,60:150:140
uTrNC,60:150:140
uTrNE,60:150:140
uTrNk,80:180:125
uTrNlm,60:150:140
uTrNls,60:150:140
uTrNml,60:150:140
uTrNpb,60:150:140
uTrNppbb,60:150:140
uTrNsc,60:150:140
uTrNsf,60:150:140
uTrNsv,60:150:140
uTrNsvb,60:150:140
uTrNsvc,60:150:140
uTrNsvpb,60:150:140
uTrNva,60:150:140
uTrNvb,60:150:140
uTrNvb.f,60:150:140
uTrNvb.ph,60:150:140
uTrNvf,60:150:140
uTrNW,60:150:140
uTrSca,60:150:140
uTrScg,60:150:140
uTrSgs,219:204:247
uTrSlm,60:150:140
uTrSls,0:219:204
uTrSlsf,120:210:255
uTrSMD,196:204:207
uTrSs,60:150:140
uTrSsc,60:150:140
uTrSsch,60:150:140
uTrSsf,60:150:140
uTrSshm,60:150:140
uTrSsl,60:150:140
uTrSsm,60:150:140
uTrSss,60:150:140
uTrSst,60:150:140
uTrSsv,60:150:140
uTrSsw,60:150:140
uTrsv,204:236:225
uTrSv,60:150:140
uTrSva,60:150:140
uTrSvb,60:150:140
uTrSvc,60:150:140
uTrSvd,60:150:140
uTrSvf,60:150:140
uTrSvr,60:150:140
uTrSvs,60:150:140
uTrTa,28:158:77
uTrTaca,28:158:77
uTrTals,28:158:77
uTrTalv,28:158:77
uTrTaml,28:158:77
uTrTamv,28:158:77
uTrTauv,28:158:77
uTrTca,60:150:140
uTrTD,60:150:140
uTrTDss.pt,60:150:140
uTrTI,60:150:140
uTrTlm,60:150:140
uTrTls,60:150:140
uTrTM,60:150:140
uTrTmd,60:150:140
uTrTMva,60:150:140
uTrTN,60:150:140
uTrTSa,60:150:140
uTrTsc,204:236:225
uTrTsf,60:150:140
uTrTSh,60:150:140
uTrTSm,60:150:140
uTrTSvb,60:150:140
uTrTv,60:150:140
uTrTva,60:150:140
uTrTvb,60:150:140
uTrTvc,60:150:140
uTrTvl,60:150:140
uTrTW,60:150:140
uTrTWppbb,60:150:140
uTrv,181:191:53
uTrVKFls,204:236:225
uTrVKFvb.f,80:180:125
uTrVKFvb.fx,80:180:125
uTrVKFvb.h,80:180:125
uTrVKFvb.hx,80:180:125
uTrVKFvb.p,80:180:125
uTrVKFvb.px,80:180:125
uTrVKHvb.f,80:180:125
uTrVKHvb.h,80:180:125
uTrVKHvb.p,80:180:125
uTrVKPvb.h,80:180:125
uTrVKPvb.p,80:180:125
uTrVKQ,80:180:125
uTrVKvb,80:180:125
uTrVP,120:210:255
uTrVQ,120:210:255
uTrVQBPs,204:236:225
uTrVQls,204:236:225
uTrWva,80:180:125
uTrWvc,80:180:125
waterbody,255:255:255
